{"cameraMode":{"drawMode":0,"name":"Shaded","section":"Shading Mode"},"sceneLighting":false,"audioPlay":false,"sceneViewState":{"showFog":true,"showMaterialUpdate":true,"showSkybox":false,"showFlares":true,"showImageEffects":true,"showParticleSystems":true},"in2DMode":false,"pivot":{"x":-11.630000114440918,"y":-3.761681079864502,"z":10.869999885559082},"rotation":{"x":0.051978372037410739,"y":-0.9375408291816711,"z":0.30446070432662966,"w":0.16006003320217133},"size":4.242614269256592,"orthographic":false}