{"cameraMode":{"drawMode":0,"name":"Shaded","section":"Shading Mode"},"sceneLighting":true,"audioPlay":false,"sceneViewState":{"showFog":true,"showMaterialUpdate":true,"showSkybox":true,"showFlares":true,"showImageEffects":true,"showParticleSystems":true},"in2DMode":false,"pivot":{"x":-11.968817710876465,"y":-4.086346626281738,"z":7.034425735473633},"rotation":{"x":0.051978372037410739,"y":-0.9375408291816711,"z":0.30446070432662966,"w":0.16006003320217133},"size":3.948859691619873,"orthographic":false}