{"cameraMode":{"drawMode":0,"name":"Shaded","section":"Shading Mode"},"sceneLighting":false,"audioPlay":false,"sceneViewState":{"showFog":true,"showMaterialUpdate":false,"showSkybox":false,"showFlares":true,"showImageEffects":true,"showParticleSystems":true},"in2DMode":false,"pivot":{"x":-11.630000114440918,"y":-3.761681079864502,"z":10.869999885559082},"rotation":{"x":-0.033501219004392627,"y":0.9601084589958191,"z":-0.24445024132728578,"w":-0.13158085942268372},"size":4.242614269256592,"orthographic":false}